Nome,E-mail,Telefone
Tessa Kertzmann Esq.,michael@mckenzie-rutherford.example,1-536-021-5623 x93486
Javier Ferry V,zenobia@larkin.example,(502) 940-7501
Shawn Bechtelar DO,stefan_gutmann@glover.example,(474) 712-8995 x4114
Amos Kunde Sr.,reginald.kuvalis@kuhlman-kihn.example,137.795.2243
Shirleen Funk LLD,genevieve.streich@zieme.test,496.409.3921 x464
Marta Funk JD,bibi_white@schuster-kilback.test,1-125-475-7847 x16380
Arlen Cassin,ellamae@trantow.test,1-138-204-9219 x82724
Orville Little LLD,marlen@mohr.test,1-284-130-7829 x4105
Tom Feest,alan.schaden@kling-macejkovic.test,752-155-2604 x80414
Brendon Stoltenberg,cleotilde_rogahn@baumbach.test,293-381-2366
Reggie Becker,jan@veum.example,(822) 377-1021
Brett Koepp,sherilyn_harvey@mills.example,537.099.3511 x693
Elida Johns,derick@kautzer.example,(520) 166-7460 x412
Rocky Mohr,rufus@padberg-thiel.example,772-333-3771 x70799
Alexis McGlynn JD,argelia@kilback.example,1-655-849-3988
Carmella Braun JD,jewell_hilpert@schulist.example,602-111-7967 x67326
Anastasia Barrows II,martina.marks@beatty-rau.example,1-188-859-0055 x218
Pres. Junior Kohler,becky.bradtke@schaden.example,1-132-569-5753 x55940
Deshawn Koch,sandra@doyle-wunsch.test,967-897-5378 x37507
Harrison Kulas,elmer.daugherty@hirthe.test,1-695-342-5759 x6756
